{
  "m_InitPos": {
    "x": 166.33364868164063,
    "y": 61.004127502441406,
    "z": 146.67399597167969
  },
  "m_InitRot": {
    "x": 0.00043681403622031212,
    "y": 0.17791733145713806,
    "z": 80.425041198730469
  }
}